src_bytes,dst_bytes,count,srv_count
2111.72740230669,153.94312495112058,20,29
8554.64957091456,7786.423554028796,8,5
4142.236472380783,11930.353403391719,33,16
78.46056578642691,88.57039440468667,1,45
7130.289342427947,520.0853411493565,47,45
3200.2598191708325,597.4340946272927,20,21
7391.733124037914,3736.334402222932,8,49
70.86672440466567,1618.049694948275,7,29
354.1243977358189,75.64035123664836,6,9
22156.49702551492,2088.2294451783323,10,16
557210.0395557582,3340.664158882355,160,41
4160.029496453803,1547.9325831936892,17,9
947.0659321622253,754.0254364962451,24,34
4710.51399765099,650.8889485059572,18,9
4022.5885803047677,1776.614472789005,2,3
3619.6429076863496,1015.8610966121787,49,15
205.29350352971397,1540.64183639824,13,15
573.6504114128884,1200.6995240372144,7,13
4879.715074470078,8192.813069127742,14,13
1845.6949517495384,1947.9202312737634,22,33
1933.2187109675226,47.5596416910364,41,17
3367.9307176060893,12530.643160703212,12,11
853.7586391576966,254.31870721031925,38,22
1706.1699406854593,8875.597340768387,49,31
35790.42945202788,1175.715401967886,43,46
835.7807742161693,434.96957465772516,1,42
6926.23936873454,215.83433903668413,42,13
24098.650383985812,1981.0336162874942,224,10
1110.1344929495053,1473.7232255307315,39,43
612.4079723649031,24411.079394033,47,3
43114.2989764014,2195.712032255284,19,25
1824.4949855413158,4611.827151290633,20,47
5937.557919456956,1597.1701261046833,31,11
1585.879630165183,2293.343709209826,37,27
2296.182543251409,2143.880972593605,32,35
27579.364928155308,232.15949768471785,9,5
3146.648401945542,839.3122536950491,24,47
4478.983397751437,202.76859089049148,12,30
22277.43391543779,168.45096589552224,13,3
36133.723330085144,1594.1230475719453,16,11
719.2140399025881,509.69078866328476,3,6
7502.295080656224,366.7726672101306,42,37
3582.3065460256294,1961.4817849453414,1,31
4039.204749281222,9000.171795898843,39,22
120.46056174238343,469.3282452794322,4,10
7018.4755093560625,922.5178248554857,11,6
754.161767815916,1048.951180051533,46,12
5160.00897360207,600.8081501084341,18,29
695.6179739945774,1975.9940287302734,12,9
6606.3872937101005,839.8633447977148,31,48
61.92438913593862,705.0362029135673,37,28
718.4278079451211,5479.7058090888695,7,13
75657.27184029814,3217.317028354477,40,4
4069.005011065573,667.7758238822008,2,20
1401.8383238414915,324.4634553824693,49,14
76729.57232107272,849.6370755900664,16,26
4486.742819329167,1953.876693001543,9,28
3593.8052680152623,2378.951449395542,49,19
393.30197508113525,291.7846306786278,48,45
230.8410008697262,2402.2923590057258,2,8
417.0028619086049,57.80885649766984,47,23
15205.803942000815,1854.035395232338,47,33
170064.19086154763,824.9907446761354,32,49
4555.758905759019,124.57604245585335,2,23
16737.750148136005,3019.281884150091,35,20
12927.901897091979,4716.951402316982,19,15
385.1456551159657,7501.156032153561,3,5
2749.884911573521,122.27830988678026,9,4
1034.338802429128,363.35209649312696,4,45
706.0888201376602,462.10290612673384,19,1
7839.005871385924,15625.253932346592,38,20
321.0016682770069,10764.351696479463,11,34
15633.925154107212,141.9536649430179,30,30
1776.7494534505158,530.3340369722326,3,33
1288.063085820142,3579.7859015399604,18,41
148.57944628248734,1757.5175273293476,37,22
19222.087973903723,917.5116997838351,42,3
6063.1296704901115,815.8983912839687,28,26
10499.773640641168,1046.1542605667873,38,15
6969.716607436108,939.4946987383597,34,5
1169.9638320401143,4721.5784928247285,24,15
7136.327942901983,4680.433933163723,15,29
5347.139884444611,267.26653977905784,27,26
10215.319056424298,211.47607855227224,15,26
3860.814967834277,751.1553270305296,11,25
11843.852894197096,1199.5969506882886,3,47
233.73520127926517,89.86783743294033,28,28
23801.07133631636,2032.7737245336007,22,7
346.0843106089197,784.6982283996659,32,17
11133.660196623043,661.7662687570738,20,48
9764.60989027637,1451.9754141186465,33,29
4105.581528006539,1841.1980484590104,42,17
6074.241694808802,967.4086454692177,13,35
309.20595878062414,1006.0867554657082,28,33
781056.0771367765,117.95040206264932,256,6
4243.8560502309465,683.5786992920645,49,25
16451.51425440882,1509.5575114095002,24,29
7846.580676113857,5383.5723773335885,20,1
782.4881887193017,430.1682402357532,21,38
1819.4157273212488,708.775144548914,7,17
1464.1011482215492,380.2224551895439,15,35
101714.61174665639,9417.511984051223,104,32
7485.730925305469,2281.333827827985,1,20
1268.323194378642,1129.8343073302997,10,28
254.10628858341167,6043.675676295974,49,4
940.0066991012027,7530.903069742583,35,40
358.3379850958885,2914.852551517032,14,39
606.2275951312652,5259.5762561652755,10,16
371.45064333779584,1024.3493618606456,36,3
5695.213111370277,5621.936562067938,2,34
372.94130951392424,290.73111724717353,10,14
20964.95374389065,1494.5349264875629,24,21
3954.520036322875,406.2893857826291,2,26
5130.459071748563,1049.3104215442038,39,3
10181.23709492224,757.8207419380209,2,9
9023.802248364353,863.6514410240421,14,19
2706.421757134844,1721.779897064868,25,20
3164.3549345895294,9817.615288228666,39,32
26243.76285031624,737.3242987975863,23,35
5380.756757267405,1212.4034513551055,64,28
2731.223122803021,348.67852155171187,39,38
408.79523497601053,1645.7781203264524,15,49
97047.40833471993,1044.4764588894416,10,3
616.6618954473938,544.9938021729942,26,25
6045.378762617101,796.1108021360751,47,13
7270.855026253865,1144.7187811688414,15,9
861.5425600518162,1278.7006014585188,48,38
5653.828765583074,1367.3399014893414,37,14
425.882169358361,2984.189043216121,47,33
70.65452737200728,240.96888609348392,13,45
37815.73007997557,3454.458589049252,45,38
5511.965231477982,375.98901282400493,42,22
391.27926731662586,1708.3422678326738,6,36
1905.6759756138774,311.5663587358117,6,29
1665.0264559373074,180.02092906954485,35,38
3044.376529075329,710.3228180216604,20,18
208.3002199524532,504.92073235652356,29,9
3686.0848196206525,1420.2850856395842,9,3
7512.347775013925,614.9182176473882,112,21
356.4209868203843,905.46567176713,24,4
256.27093463673975,842.9919325037425,2,7
1290.3517145211695,556.8875029900281,25,12
16898.102761267903,261.58101651573395,36,44
1214.6031486469956,396.9059830879081,6,43
2379.6134965800943,338.44264273977865,44,31
7309.85509803095,206.04668484380855,29,19
741.8666851989312,775.0785821604118,43,43
11732.603072193671,860.0964931356406,39,34
8067.153529369602,1733.0673560783723,38,14
18480.40491538586,1938.0473332709169,88,18
6280.429552253036,3053.733415793336,21,35
2431.28346306503,790.870381374574,40,32
15055.538438458983,768.0940556424265,40,16
1939.966737179723,721.5651843165653,29,34
611.7861196513539,491.61402640399774,37,36
3258.572636139698,842.0660923732465,29,42
475.74684092827545,3494.5161959358857,28,40
26979.80410893169,746.0161765159721,30,7
37609.880608202424,270.9116954989703,80,15
822.3216288045484,8928.253631479489,43,24
2677.5502848799792,1762.8094546638963,17,34
14993.813247949032,125.54043380804224,26,34
4343.044821867132,5239.553459242995,6,11
2273.636167624005,976.1341841773391,31,25
8799.119494905304,1092.7331442466182,47,13
927.6437329967775,618.8699082449269,25,24
4409.923853710918,1192.0332803320389,37,2
7230.28268158468,4255.424211167922,10,3
1471.1046442258996,2877.7281359934564,38,11
237564.29255477313,5580.29464524999,120,16
674.3766808197604,1489.0978640806766,42,6
50.1571014972179,1432.182522452714,36,17
1991.720816398148,891.292087876608,38,13
1825.1576630590157,10216.60683874176,18,33
4687.152693138806,680.8762603303029,40,5
40642.036351906594,841.7475417372067,288,16
2418.62963454067,619.7582371361923,36,29
1092.7012100307434,155.1237290877085,18,48
12148.63294479732,795.6814923923652,8,38
9639.749555440589,342.8597773897462,45,33
112.8865959999414,2222.0785758815277,34,17
6646.335276878008,220.32677569081042,42,25
34714.62673404055,1669.6240946924233,44,16
3586.0750441551872,1298.1303300023894,43,13
128.7049439518493,25.352612342127344,22,9
670.3271449954048,624.2615541387097,32,29
5075.243948278826,1087.0456625686159,2,9
748.8286476016215,11235.177021008527,46,45
4093.369949875021,664.9329662389953,25,19
7282.55302485285,315.07528472931824,46,44
903.5911226879474,813.3802593716138,18,41
1990.9755036668798,1085.924881191964,6,41
1894.3833606157284,146.78885169972895,38,42
11939.466330900093,144.03263309991323,33,21
195.10274769271032,292.87512246587676,22,48
5674.920256014626,1742.0315993711345,26,24
1337.6709265819413,1098.9731394307914,41,2
8722.181150734583,1618.7937239806251,45,20
19193.80429377931,2559.905433685855,27,3
573.8787630626324,111.656620706153,31,10
18610.94494195546,1679.3111097816545,24,6
323.52471153742334,2980.664537289169,18,3
398.61361097914784,1163.0105218727838,29,47
605.4600159575166,522.0448231438718,16,39
4737.6775445477015,589.4998412453169,36,36
292.01270508242334,649.4328297574112,37,4
4285.673150165663,2320.8671567764795,28,8
2916.8815534124387,348.4565749069022,22,23
495.22460323220764,2569.297371185297,27,13
1212.6708623133381,3663.8068638898503,23,23
1095.6769520649448,16312.585784997495,27,17
3564.6419799347423,2292.1963011230823,6,2
2377.785687090416,1054.5323226417563,21,35
1607.6957888841475,4655.7809776470285,44,37
698.141879342136,322.7395992593812,26,5
4530.837510988531,1022.3940601446756,11,22
19721.52656267749,394.09164365970537,20,34
5932.504642624617,13218.413670389062,32,1
455.0906042633013,244.17855071369462,28,41
1964.221260596125,130.73152071283286,30,19
167.29482996102882,1341.4584649586857,40,31
13581.154387591743,10829.04071407279,40,38
952.5760481823546,1480.502766902037,40,49
20600.44582036997,11439.862617400922,48,44
1570.0500304625716,179.85351511324487,34,15
415.7850777650444,1596.4155336331667,38,13
7241.413701862112,1730.65529795295,33,16
2882.1370933944377,545.1182841329631,47,10
2093.484903943262,1043.0598790101965,17,43
540933.1712722244,137.96212047639008,192,48
8339.4025735663,1253.6675402432709,5,28
308.75659826799426,274.63034311945376,30,45
1879.5364995200734,319.2452159920126,2,33
1873.2054885012378,727.4999534271964,46,2
5597.013497534772,3727.05359139221,2,6
18869.850726812387,5577.16112166166,26,30
16640.08176654663,675.4208611686491,43,48
3847.9211745218186,1562.0162720946796,46,30
380.40705400732037,1077.1268884428603,16,48
13928.593241672474,1358.6798228868558,5,32
8748.762968811934,640.984081314302,39,5
2410.7724250079723,456.549608225427,22,19
392.72063659938357,242.16733248183232,44,3
19334.357148079554,269.96675282379556,9,7
3365.383946726172,329.26113715571887,25,14
969.0822545265033,96.16939005205656,22,43
454.755311286715,5711.326677342363,11,23
49710.85021260543,288.9746668976481,46,46
2090.6698302158557,248.75918912355152,43,44
1266.4103812515605,2582.0737970325,39,46
922.8957214433666,374.06725046599564,48,13
1617.2976400504551,1438.4024186230984,22,34
2781.927557334858,509.36683173633855,25,11
9207.926328855152,621.5645091686698,39,31
1352.6166338344572,700.2415874595547,1,28
11537.504390261343,881.3430241957951,30,32
295.81969172677873,3978.548764285332,7,43
558.680582175408,2220.808004746875,45,31
4340.38989337501,1001.3434376354127,38,37
17197.949948803394,43717.180403609585,20,15
184.8369164045112,4759.417721462386,47,5
3492.0389159263746,2225.324152319635,11,22
3824.0977527679793,620.6460175571591,39,2
9399.051073280989,360.3365539112383,42,16
13084.56556157505,11985.97753692787,9,23
3954.63732448933,8216.985249404333,46,49
7271.062682839398,4473.77908374827,5,23
359.53217302695566,1736.8576466498816,33,20
7048.269022443652,904.1646701828488,13,9
15749.338669677858,1897.7270811276437,1,12
3172.152411344952,2105.620365595603,27,27
6312.946943244022,757.262295319241,27,4
181477.86149763627,1131.5313674784318,39,46
2767.487116754702,223.10928481466325,29,33
15754.378108044786,1701.8777803172804,3,16
118.8088428846643,702.3771243965751,36,19
148441.29246916535,146.42452927353892,48,26
1832.807964471151,6788.242210384557,17,46
20674.61282890356,1641.5924016813628,14,16
13103.237474588332,523.8808043520512,11,48
2144.0481886325583,3587.880804975795,46,32
838.8088839945827,141.37383548367762,7,19
14415.808120002874,470.1911013686986,45,6
499.53634532893346,3851.1639002392635,7,47
2159.295001436686,970.9021507992682,46,9
217.3270106891004,742.137839428577,6,29
7451.678895733286,8669.795163730356,28,16
571.9056069974931,4006.1248543802076,34,30
2641.8694319219235,2386.890664794189,11,39
3008.8730508517533,4634.907467371899,46,9
2492.4749233841517,2747.8843485386074,27,48
191.8237539657187,2796.4154322169593,22,16
3382.160031920771,854.9664776088891,3,37
3413.948104149344,465.95715170917293,5,35
17568.201216419777,952.0883142833401,15,7
8093.507833968971,605.1972936228241,49,41
855.6376620742088,593.3218467391373,20,41
1480.8188876669187,11046.887703766495,46,21
4581.533393365482,488.1926578409779,15,15
4602.599923318124,1342.5383787948747,5,14
3295.212887790432,918.2292583234785,31,24
3049.584546792687,199.9491893210577,3,29
4060.2689694701044,1763.5190432063232,8,12
3513.5200518626752,3548.367575904868,40,49
6314.1954640047,775.4458298411706,35,40
593.3052281435689,318.135500265329,8,15
621.0150179743131,606.3838074295309,11,42
39229.282476728236,352.47838593590797,25,7
856.1997096453423,84.00529679074154,18,44
20959.80311160318,656.714711100464,24,17
6176.866329013045,1089.762051060262,12,13
299.70386213322064,2334.891581780969,48,46
32033.581435966924,782.95524093964,45,9
33239.08284850374,233.04002361911768,9,10
1621.6850734246104,4861.099003778766,38,13
6316.317132356511,450.7688789532745,25,38
12510.1603589151,1467.811680110227,14,9
6096.094624149333,306.8780018501444,43,39
186.62175769939003,253.97987614398195,2,31
1277.6293550800833,5108.545634089233,28,17
6256.692547930882,1264.88009380537,46,39
1173.701503132211,1798.4397288476055,42,14
1057.9184387172943,8767.894165374626,49,19
13441.373044297641,2875.9553341675482,6,3
4035.384664255247,1024.7534981809429,33,42
20952.36337991151,336.4980157831755,40,36
1198.9313819220158,906.9636331607142,39,46
11407.591227784023,2369.91721142713,7,27
6223.156889070089,1233.1862852825902,32,8
8.975269412578339,2965.679267498613,9,6
7069.849745078478,191.62267952875587,28,3
666.4184350404134,292.8064100232539,22,5
2981.193768469126,1496.2059923521676,11,4
417.238575978199,1029.8421410627557,42,22
1217.1530573889283,7735.123113216475,6,34
57213.04001946353,190.7608794885882,18,15
1675.6399196761552,777.5455661805975,10,18
4190.131390313819,3002.0458569862603,14,12
539.1971876431825,69.39097666481236,5,31
4128.906609052703,3191.0661247597277,10,41
57522.36074184273,79.42931842537423,14,33
3915.3446440742664,4202.471199322253,25,23
1544.0763365500839,3885.7603071640856,9,20
959.7488813594604,1963.6144890791857,7,19
840.7305985473575,1390.6719506229965,1,24
2045.8174171451822,410.109611864582,49,21
17350.873953418934,3822.7983815027774,49,44
5014.638838923098,75.99955610861608,14,48
2201.021452293886,904.8463215648426,19,11
516.8945017314712,376.18939529424233,25,31
8394.231605971074,183.82262806128443,23,24
790.3976967325714,6289.2951623137715,28,21
87.31697470267284,2272.4556643368387,20,44
2874.1533453116726,3900.786663260347,47,3
9019.729146283438,56.71292112399144,43,7
8007.66135975047,27796.52324819392,31,7
4223.315113632772,222.76912471860993,1,2
2814.7888615055085,1146.5048798466503,17,49
13047.957440373348,242.93172848391637,34,27
8167.557635744801,190.39361580992215,33,20
13441.538161028211,832.3191229420613,48,33
862.3320142713054,4764.263523249346,39,35
2151.108169940605,1354.9692017067728,43,32
306.90861918523,5609.915913312091,32,48
4617.132047076573,274.2986122103334,12,14
739.3620701269991,1812.6190838999544,46,34
597.0970657886396,5130.142874832777,48,47
506.8509057121744,461.0573242022088,48,49
7043.76859232075,532.2444389477605,45,48
144.7347388510042,288.55966189890125,26,46
2009.8325989624457,75.45317513057321,36,31
5266.320471519102,195.17652916573488,16,47
178.73442920996678,6391.320890476028,28,26
1148.6440038998046,1114.781879316215,22,19
307.5360801891636,1573.0394269180254,6,13
1947.9859698974612,6976.148118373039,45,1
2271.862921245869,705.0285388273757,17,9
7283.179943786633,1386.7324484199141,14,12
7031.5527148589645,1931.1729387065386,13,8
1231.3306722496784,1394.166700293652,15,26
156185.06230710092,355.69957693302274,144,23
1412.1059419765695,226.08290625598374,27,19
55326.676627265806,1789.4437868076297,5,25
2638.602402983561,443.1076225289995,31,43
3214.4791437811646,261.230830504087,43,36
1396.1278456894713,2104.5079232841395,32,21
1493.2292554351368,1651.2763703504338,26,28
93060.24515202182,445.3582059189104,256,39
3623.004762606597,443.95031631489564,21,40
11146.600252188457,59.05269194468732,42,25
4526.871459012673,399.1193507564059,24,21
597.6147972983351,3061.425438453646,12,37
7990.136581929202,668.3395110028455,4,24
540.9067213453632,827.3779989124519,9,10
1693.6670285650366,649.0788056428789,48,35
5086.804860069567,512.3463304861574,42,11
9251.381335859998,221.30317091798557,43,21
4310.748325590299,779.7792113989212,20,11
2277.0716093795822,198.20227315439968,2,31
3095.217757532859,3102.6748417388376,7,12
23285.465739087434,587.1607734234336,41,6
5112.905662800812,3775.379910423757,4,33
3259.3739335476316,1537.1995675843461,11,4
5045.870807061972,1825.8845839917017,26,17
1522.6551509064427,2656.1980400655757,38,6
6963.901104298312,547.3512440081139,33,38
71825.28905992898,362.0971033605423,352,12
3950.4742522877095,259.40328606631704,23,26
720.1759059367029,840.3530803378212,23,24
694.5916180170173,461.7141809530844,4,41
947.1724179307339,1207.690031356782,28,42
37740.55792813083,297.06077817705216,16,25
30914.420881202826,1670.7407463946795,104,18
2704.6258254066447,362.59216103679984,25,35
4249.031977372932,1480.178509451802,18,34
4513707.512320829,148.8991534320006,360,39
5630.372782566505,276.88606907437173,47,16
31937.020208173977,295.28702523610235,40,29
2894.4696097274928,139.78768348640438,23,10
1609.4845444666419,373.87591558661614,37,19
27172.070015290992,1599.780556189719,9,32
5873.993119087574,441.646977504445,31,42
2551.505271607135,935.6824559804014,15,7
2920.2373425537744,2773.786355261186,4,45
1976.0270701149066,7178.312049709332,32,9
1100.2062992728768,402.4484839771451,13,42
3617.093016196973,4859.4452462168265,5,30
976.3417449542457,139.5308114925174,23,38
18570.422641134344,1635.9259579893344,5,40
102442.6063015957,1282.2069837861407,200,16
371.204357650513,755.3354816616231,16,9
2505.14981034412,4735.1255046892,14,7
2359.96894293537,1837.3420719960886,30,5
7708.588614533903,34.352857725687024,32,35
371.94934002131095,504.33373504082357,48,46
2292.137861745622,1648.6625684206188,12,4
34453.25319441996,222.8046774548996,28,4
1123.4394304565308,10928.12590860176,12,32
89840.69590826551,812.8101337813255,248,37
1354.6754308644952,191.34552062851148,45,15
2438.010436756372,1005.9140362674233,1,49
269.80289425890794,7343.302294080774,21,35
774.7371042809791,472.0402978841757,36,5
2551.3251721158063,555.6078864632293,39,46
29617.44710183847,507.37935155929637,10,38
6000.754895193387,147.29375513930836,40,10
44550.81882487683,2326.3979556983713,4,10
6937.536906779532,951.4584533120897,48,41
1270.6238735596373,14929.203518972183,4,30
35374.48558299094,1314.0296480378206,34,23
393801.5296008692,1020.0041263290764,17,23
2014.878556105524,81.89629054046543,31,4
39875.76910618659,2084.85209316504,40,21
14901.838654091393,1718.5805721634395,88,19
243.20137880093424,451.4271939164686,47,33
2057.4937669583196,1089.808885011936,19,15
979.9365395885056,45.5644269700285,15,6
3908.2021213738194,6538.834478072807,47,13
18810.938490959044,399.25234933929823,27,17
793.7229551946759,2480.965314951371,14,10
11071.67800352868,385.5926817276982,39,37
30862.942159159946,637.8871989317716,5,24
1665.3905488946464,1496.2496560975264,4,45
4631.973220400495,959.9028716571211,36,33
3214.993267773604,2547.6043945871675,43,11
106580.54196935268,340.7428126406965,31,43
3355.296877202513,106.23059749653555,4,8
8987.034129465377,2648.8047507701103,22,34
1188.0444348554172,490.26521931810356,7,16
9431.808302514193,7399.804990458841,30,5
6106.8903617445585,192.42290619309034,3,28
1631.441799786945,717.5780894907169,11,2
16703.039270566915,385.76291658119504,29,29
2326.330056036947,3758.228174128931,40,48
10744.257134848012,4028.9198432331555,47,29
4118.025045176936,946.9123910818953,43,41
2839.2857803916813,6328.048127868375,42,11
2509.4032159187673,196.53092661991957,22,20
1848.774867066574,323.5301727529895,24,31
6026.32105250473,1100.6578293355774,15,27
1726.0963943393838,578.2758653567545,13,12
155440.24962433902,1277.644349759218,38,3
68313.6797919242,86.52498551328128,32,49
696.9833766359106,614.3108890855841,31,47
24006.63485711681,950.5560700221475,38,21
10265.79958175911,5351.493780757768,36,31
58055.63155331811,1985.5664108975163,23,5
1690.424257210393,2385.3401398970527,38,49
2063.925388324565,284.4965367578459,24,34
18003.64036836829,804.1650572928544,32,32
786.1952358878306,2018.0675754271629,49,35
31079.57857987595,2246.019510362921,35,36
6362.468851545406,5750.858242580888,48,30
5812.890191175951,1077.9074133608538,41,47
1819.123382983601,2045.995740405245,10,20
12139.294673326996,2036.6942961701484,33,9
5722.983463662447,326.3097305320916,35,7
2473.1619275968847,1136.288909916933,7,21
8124.787832265035,270.40844041387686,48,29
10630.82962912191,5043.156461912993,49,33
39658.18923735204,225.08535816325528,36,15
822.2615751900188,908.4985082008525,12,7
4881.130367334753,1206.5390575830384,248,15
20165.09818146315,609.5414162215408,232,38
9673.408205986307,1263.8198099164852,44,42
730.2777101498104,431.2646388093768,28,26
12140.183965714787,991.3704730569825,25,33
2815.7937309832055,1814.3238851164833,30,41
1903.6577893508793,1142.0086572827981,18,12
2557.064222414587,279.7527578955455,42,15
1193.1380821383234,605.0615001177703,34,40
18597.793417982724,2302.4816704514365,45,49
27689.778801761226,2659.8928130969275,48,34
20644.069537851825,11595.950268258372,96,28
1408.6051224221194,2795.9373898870176,38,28
2010.2011433211658,1726.9078009941338,35,30
19865.551539443943,2625.238383516573,33,21
31345.258688319467,5550.7483532157585,38,20
7502.161829019848,133.75021183266722,17,15
735.2210029491565,1262.7010731890632,24,22
2786.661892270357,5672.836336869336,31,40
1066.7906467476382,4997.90860502907,47,17
663.4499187499295,6787.451883812098,21,29
1027.5685562104186,358.5800333286181,34,26
3735.224855242873,395.76555984962675,21,31
688.9401604738533,2198.550949627068,42,14
5159.977303236971,2622.099884677296,46,27
13856.560083124315,6921.075735239133,47,12
123347.39981723845,241.32691475505524,22,30
1051.108234198392,4154.601205186775,9,23
1510.0443815749154,810.6971920360703,47,5
527.3237336402726,886.9808932148921,17,9
24357.16724361099,7668.330661569627,18,20
3196.594078959535,4722.871986901822,6,35
578.5568227695273,1186.1181231577582,17,14
3200.0590751748023,3249.8771185654255,6,5
2344.890362949174,404.88619361904506,5,19
1828.915521737249,1155.8145581243868,10,35
1949.0524622507714,2909.436171724981,9,11
628.9166032688604,14075.172710103105,32,5
22547.39728266542,1263.5972804957892,14,49
16881.351865814286,3455.981638414361,5,36
609.250549302227,976.0771312947436,48,18
364.1330373353626,594.566242131867,9,36
3975.468763668258,173.44214570253618,15,17
926.5085876905808,12521.97470270842,20,12
6215.551707007913,472.3081405880948,38,13
168.70703881519833,1497.7857192273707,47,43
4659.398888071676,1638.5500612733151,2,43
309.0553553148939,807.0151174261184,4,30
15026.79341413207,687.1242991785889,9,45
2902.7035250255162,1843.162782180626,27,25
1941.6690079974624,220.57996898101865,1,12
1077.9967384382314,318.8091466451854,19,29
1038.2470354662328,4799.05219246734,20,36
17603.248864283985,1788.9930503868782,44,37
3417.8002822436797,3229.9300545339843,36,25
21323.49721548011,95.16322303238796,28,7
6131.013616649182,315.3568294023265,1,7
182.215396007133,8034.934217154479,16,6
23858.470488339415,4084.2945916442927,36,45
29167.250208485286,5767.368748606849,12,26
804.6683040449907,756.5369930002511,22,40
35790.61583935539,510.7171705443152,22,3
7172.131588676214,7489.805751959847,20,35
9737.08721722425,202.09626436084903,31,45
1531.4480074710148,244.4361698858362,36,19
801.3609730705097,1218.778177270142,15,15
1111.3586292720759,919.7936709126868,33,8
92324.73883805121,315.79817333019383,176,33
22035.530918368022,6425.072054113034,28,25
621.9544976373127,968.8161575056195,32,43
694.4544554673951,14904.102736567284,19,25
1177.8445544954257,353.86575279506945,7,18
1628.0648146611893,1810.86852159062,14,38
5868.830805267317,1013.0495672460039,18,21
313.5614425720209,693.6335442413435,10,24
46647.8746649707,1631.1416645754337,10,18
7055.142660742255,2933.948470141314,43,24
3822.9548488599185,242.3081238866357,46,32
65715.518598142,2281.080303390887,296,11
2060.4395041196817,431.249213082003,12,35
85415.8824564641,7188.486185606779,34,39
6621.595692727613,1571.4719942345266,8,40
3075.3115465571786,127.9815679194688,43,22
792.4679850940036,2322.5016812820336,14,12
2228.8389924162834,3082.348212596055,4,10
15187.501178242428,12095.721628461954,14,3
2607.918571059014,2393.164613917927,39,18
360.0897793255828,1192.3148931161795,45,18
2895.282926072371,711.9263694806997,26,24
1753.889992578959,56.3681682052344,45,40
250.9479601698615,8939.406590798253,34,20
230286.62398116456,516.3922554665136,368,35
1814.1257093412494,153.55536854005615,41,2
4764.772350920149,1926.2301283849333,10,19
6172.4757016233625,958.6995196777766,41,35
7982.923891879317,1735.8427020308145,48,5
36755.775028552445,338.55964043935114,16,10
1407.970346076736,211.5579387111742,43,25
4871.329507877043,301.66101733149566,41,11
10983.40408831096,816.0267121120781,36,27
5664.1830308312365,3064.2205558499136,47,27
8849.769688478236,25342.79416676882,41,49
79199.73860367411,209.626346016945,10,47
13111.992230204516,265.3891106843476,17,16
5576.734191350256,315.717860285535,18,16
9208.956170174002,3573.507666343698,88,45
1759.912827975423,1158.8359931251023,30,33
3510.7037089810133,5540.7741140478865,9,7
2606.0171747831896,323.4826378780698,20,31
3179.7378432947366,338.1509419344569,29,29
2191.01543600904,151.4482515656587,37,43
5997.316982104457,915.1393696445696,33,27
734.2387788208615,1897.855328113386,23,20
5950.451626853195,380.54859061692935,27,10
21420.858118516833,4150.081771410964,12,16
7913.677563641914,1655.8888682421182,33,2
548.8319885033613,512.7770516601172,1,13
139706.04457105586,2266.4284448150024,13,46
33981.54428975949,2423.0889295220927,9,40
3516.574455242179,944.2597845895465,7,23
6813.894965324549,3082.5446986631046,25,38
530.1277657001939,807.3507682582739,42,22
10554.007784497959,1551.98462449798,4,9
929.677949040473,7780.370667587288,5,17
2581.596213628908,3010.219813309537,2,15
1627.8770192720308,2710.843604613014,7,40
4173.982168264629,2706.8533078780597,44,11
14787.421514728783,1240.982903271422,13,21
3546.3407815214837,2297.6450657864016,44,37
3000.5741624012817,752.8910624200247,46,36
93910.45526111378,462.4240468205302,30,33
626.6865826696957,4524.508685849544,11,48
7380.240095740667,615.661217542468,17,47
304.7585911411312,12983.772449008002,15,3
10085.308598783324,2217.774974550377,17,4
2775.750180555519,382.0882408430312,37,11
1098.222615192489,1063.7299065144414,22,5
3744.3735983128013,900.5472690600817,9,18
1395.4077075643472,2759.271146015899,21,12
19203.17685580051,406.06747476375045,4,19
289.12761075160466,245.9596333525864,16,39
1199.337558554534,1002.4120712534618,28,49
1062.4731764222988,2399.8015982694615,31,39
13347.410601565587,754.0435640731007,38,5
271.144018876059,8705.609168167195,23,28
2029.1497562137818,3552.0119923348366,33,5
11429.770210436964,8917.180892091752,47,25
9792.425442616794,7220.316419267172,36,20
1330.5347583599062,1301.8599630638655,39,41
577.5428089540756,5774.289146545523,4,17
15122.360737285264,2844.3513991310647,4,30
3109.9102686051233,1268.6149223414984,3,42
1524.876114633931,2711.557128502077,4,3
316.9736467444112,4815.587512219212,20,1
927.4146730284824,15466.58535683642,27,20
158.6084038341615,1774.4627132598944,7,5
4051.713331318948,332.5239124824029,7,40
2961.7810082236565,1223.2201366704273,48,15
943.0103044469656,949.8043875840567,19,30
37458.11423939834,1853.2522301771949,48,43
1424.5209523758444,689.0536672964275,42,44
907.5647498056712,483.9668798842357,45,12
12026.563824087876,1000.8687223351851,31,47
1357.3702315510573,899.4116732104669,10,6
8864.855226764505,714.7785847928778,35,18
11173.829568401734,1898.8023307346773,5,44
12738.645540886118,798.5257773975484,19,3
6114.628974484055,22557.867681915228,19,30
5195.174343000177,2500.9820533524494,3,30
2413.898236116868,2856.191125453942,31,18
20142.716717842926,1195.4644938377514,19,23
827.7149789520515,817.0925527865622,6,9
3569.87458963421,759.9996668325795,23,9
1144.1024137003155,562.5232012986115,46,14
2268.899429160558,31688.438634937014,3,19
55439.79956918966,370.9694026345659,49,22
7583.040779113398,207.40747421718865,17,9
30785.13738148651,1467.902099310142,15,30
10048.958750699307,2329.193876410497,4,29
5215.5611747271205,1372.728481374361,9,11
4746.141072141626,3541.909665097509,34,9
80907.00936077003,95.78589035208161,37,24
13309.32033489747,6041.833991446869,7,26
3545.7330115609534,189.66641285518025,6,43
1458.1011193714473,251.60246697700998,42,10
602.808586183127,1350.543168617323,5,15
3331.1205693421302,5748.438751018369,42,13
4916.036411245824,890.2235080000996,23,1
22472.631408296274,1575.063798538414,22,6
15471.303730254695,1850.2084934061027,2,4
436.8470385695406,356.68092271814237,48,34
16844.599310312416,1311.9955655885183,8,36
2591.2887041528265,432.02784326565927,26,23
318037.22298994137,1613.177582607554,88,25
5910.965690936275,1330.0826899283757,42,16
1457.0232941218037,1580.94557922972,26,32
1935.5134553285802,424.97899103250984,28,33
19942.1027979519,3986.196019856743,17,5
6407.307713006826,414.5882975204997,12,42
11721.813948853483,382.18072872353474,44,41
18297.576736644398,821.6496445776464,8,17
11854.305297154728,647.1097506676638,49,3
762.3853410910898,540.5711732482745,5,17
1408.278633013857,334.81557066176555,33,1
19808.126173442524,153.71302595199433,36,27
1119.4992312640022,3741.2856527710037,35,6
2962.8231628308554,265.94752302081946,34,17
6202.9555245249585,508.1424201711638,35,36
11199.085239371687,1862.476058980924,28,45
63514.67698533928,463.9522014342314,43,19
5092.934966679696,1099.3303709200327,21,29
3020.4269284219217,4395.999782489703,39,47
1289.9925389102518,170.73873812243215,30,32
1652.452125382251,533.5721235937816,26,48
11133.542384215729,4803.676154269864,30,49
16702.77942629891,5055.845389312374,24,17
7767.496581453274,1918.9052030444739,11,28
4527.266146260161,4409.60363101201,42,20
89962.34120115277,537.657690656009,16,25
25518.121253147743,11678.352907845916,34,6
19230.97274781652,884.394077296988,21,30
91.35985352999744,3206.4222029875637,42,7
315.1090236313362,204.73697562446097,38,21
2212.7695108717285,859.0079175414302,47,49
13537.600892608056,4412.032707363381,1,12
2277.5407849443413,9055.315184553472,27,38
8380.101665403115,192.19726287090234,22,18
653.2559224329957,969.672917452402,9,49
3597.3888476632155,421.8627562759894,10,44
8712.34217130628,1806.4253708273427,15,40
2114.5798208214605,1092.1236956574328,42,26
1123.9033448049104,305.7415614892381,20,16
8454.594729835413,4011.244764423952,44,39
729.4681648954706,1071.39792464201,6,46
40224.072362361774,950.5232928482559,232,44
928.030847875717,3146.260260641951,23,48
1952.3699919206674,272.73064409114056,14,40
3027.9590137941937,2620.326198439755,13,44
10940.7913266158,523.7181129037258,48,11
13761.693189697355,2294.6360478052184,38,13
770.569007713905,1469.6647959870377,39,42
15919.847589676776,884.4307848864436,33,31
86241.33055211486,6103.058599360495,22,36
4443.39146433978,642.3177637561291,45,10
3486.2129012011264,925.5121205689437,42,8
5729.665944971169,2717.0527613473255,32,40
90986.52687862895,794.9414054272758,280,21
9664.173213915492,2848.439856313902,46,38
572.6755361713792,4566.376724834104,9,17
3690.3170021491696,954.0708221885899,41,19
1116.8620170421652,3806.4046069243,48,4
3633.763399926327,300.04117872034044,35,8
2723.6859550137165,414.5219097245388,22,17
13053.032281590285,1423.4925722068065,45,37
9697.994163363337,1105.688474448172,27,14
586.989126565833,4997.274335388725,38,11
11036.152136582794,1224.7730017790052,22,49
687826.6315801826,2016.2671121321628,216,11
354.6336738796665,1009.6792680321904,24,22
877.3607103503132,97.05395690294986,19,21
5504.691778456478,628.6094148111721,15,29
19830.53814633016,47.591071587268274,3,31
2504.7183147602454,1187.1156023980716,35,7
28788.434510061525,1524.6169181166274,29,1
1825.1428162543343,2404.725445301473,49,5
15407.917562935656,203.90086511452807,10,39
24406.431938256294,1545.7769617730685,6,10
5283.471899772331,245.66902724629833,25,43
828.8617009014505,611.1530740472678,31,28
9304.990844452966,6465.736368736536,9,19
1769.3478342108633,1155.9340196557123,11,5
10965.395408184933,617.7824663932084,20,44
671.0757292093591,5444.511739904168,36,18
5533.635120845411,1981.2088831039425,40,33
480.08949264081383,2267.0852122650217,5,16
727.390728328936,2266.8589363809533,41,39
1176.212601322686,1375.6413943425655,45,18
1404.1437694590122,816.5038869868641,42,31
4797.534176769137,1599.5152422921064,27,37
3664.965066277096,4992.593592654268,5,21
7591.727378814451,525.5910865201986,20,32
6347.909772516573,548.0520854871313,15,13
1207.4968949742552,1624.6688326239814,36,15
16419.596653865825,213.64012458696493,6,1
251.1109496322075,131.48803252977416,39,20
823.1365825320312,3384.4112548087855,13,17
871.968505132957,293.2086919993294,9,6
2162.960802167309,833.5427441056773,13,32
2078.6001196279876,773.3767415765736,24,49
8415.504277021373,443.00273106697165,28,45
7741.175265471253,2421.2652656404507,1,41
1126.5650345519546,149.20310704497606,21,29
15868.541080966264,325.4583889926871,30,46
2599.7698258651967,52.912116243113836,49,2
1838.7930486387488,2518.265331871225,9,32
8013.4741941019065,595.3376056440361,4,39
1282.724219401202,4958.453191140549,6,48
804.5102238552355,3422.153263330713,8,6
2939.087638190598,2746.0866828239364,22,39
185549.33547764993,2089.985645286925,72,6
1643.7503313383272,381.58195307057304,4,35
4501.228043724333,16758.335582355918,49,9
1957.1786602652712,258.6052072995867,14,37
39873.70226069108,61.44339182373646,14,46
2726.5079675367892,2012.841451527959,44,27
1418.2406363828711,6540.732329823802,42,45
1848.6990074437424,26232.326984782507,46,25
12751.29342600521,2367.880102845648,19,3
115.4056513615793,4010.7461637822803,13,41
35345.52940132627,666.9841680810257,26,36
5226.761998747792,571.3442016027556,18,22
781.0476290577574,1443.8082373674015,19,22
1461.8034479360622,284.40215402911684,40,34
342.612283542715,726.9353414331551,32,34
1197.5667542112267,2584.3078264981154,28,28
334085.0293639778,2535.4864991113513,312,23
509.5770585545517,82.46503720632876,33,45
70.4142841552632,1403.661275498746,5,19
36363.90581407365,5003.345512519427,12,41
2782.73920257276,500.5096363554505,34,35
7521.556694391664,2861.2848014815977,16,34
63699.97901121315,274.58507419778397,38,35
2373.557948661017,564.4180110867,41,42
3097.5336973125927,2489.463542524509,39,34
1621.156880990815,2965.143416500722,38,32
185.96104739971565,1750.7070070290065,41,21
10992.105084952493,195.2683869435449,30,6
5311.024362200612,744.52220877983,23,32
20262.526483802703,4955.379373609242,42,34
1426.848811986671,3399.0280215702287,25,16
1444.6462734526444,118.2766260639961,26,23
1559.3900162992463,4801.119358724116,38,30
25695.087089943463,401.552901608503,9,35
853.4559631882812,259.9723987864477,39,36
255.08143185153816,558.0173458242025,9,21
1066.5565637612851,161.54530181885568,28,9
5406.601758238493,4258.373436235547,48,29
429.49725356663373,3413.24641194308,15,24
700.8209058813596,70.35566231004098,34,13
56.71462710827498,3754.8570245370393,33,44
135889.46107662062,2311.6586614283606,200,40
10783.606966756157,2926.1605408342657,7,16
5087.57228103456,883.6041811413172,22,33
6035.955899603589,1212.5019838515811,49,26
1980.6054823809893,243.40310251893345,49,29
1242.1161062253043,54.5823427188685,16,48
177.40067996461832,51219.35297901812,13,6
8183.208707476483,168.45121277379872,10,47
1008.0312094732687,257.4470725008628,13,42
15459.964799343024,99.03803269946152,31,24
80.97383452115747,1330.43846385807,45,37
17341.39938789046,960.5805419571269,32,18
8144.40816083527,468.9206975760695,21,38
965.4847254353626,1399.6423245620645,34,32
908.5126779238033,1423.2658228579025,23,22
1810.324661490748,3113.2690722253624,34,49
3404.18475232784,6903.171295515574,1,20
2750.0371583011156,1474.2469774008846,18,22
12520.416528848265,1528.9262550299622,33,3
12119.681380908896,70.9059820191016,2,8
4757.399769257531,790.466004214189,26,17
7920.614789307259,532.8920472690118,40,39
300.4244146771279,2621.9862974538173,31,42
4987.588308104109,6585.185024114086,44,11
10855.872795638808,1549.5009217699317,18,16
27311.049853265496,577.2459376960296,39,45
32944.69209724901,627.0801858603905,6,7
34598.81848308462,232.6978128484713,47,33
567.6509754439852,1371.7814346235043,15,19
10055.847552588646,1937.217516559177,44,1
5803.2711483371595,261.61317337356957,4,38
224.15903079800214,2236.966063283592,45,4
8714.215351838306,210.7510187671223,18,14
6234.8920453491255,7906.505584770684,18,45
54680.466408482294,2369.5848824707027,8,25
1192.7849512964603,696.4441823758629,43,6
1204.6217238977306,465.67917570349505,2,5
500.7927771435987,5297.045332859077,6,22
223.2667099365531,933.7778691289776,24,22
2827.0725852376095,436.6794750032771,38,22
1138.136763961591,3151.3188511632907,14,41
3846.1347162468037,424.41535086704783,36,40
1738.0098822985667,279.01426630813233,37,49
1021.6674897572595,606.8067041083395,1,30
11192.885395574624,7754.903982423944,15,18
10991.420763148999,27463.864664785502,6,6
17150.52859796124,3485.915948210298,15,10
1078.8292246133776,1172.7307432297205,28,22
6940.043081387358,5243.269871598698,10,4
12364.284077125563,1204.4100634256392,2,40
12278.943232574604,544.9160272949188,20,26
2952.884535350808,4369.47698398271,20,18
1506.5211258261222,175.34444308731773,19,40
249.74072138021134,323.75952025698,40,48
3846.972333528384,5106.708837458152,44,29
137.09903532899355,6827.220058073806,25,21
291.2746741954914,716.0727393470245,29,49
1244.2652526615166,5759.839903591545,11,5
2167.7704477183765,368.92814482360797,28,19
10740.00336432507,641.6490418254073,42,19
2580.001010139586,262.69563647519504,19,8
16817.84161188639,680.3811041035052,5,2
1308.5265963035602,143.65463275549376,22,30
947.5214711954433,142.21055378808532,22,15
3574.9963789256867,654.5537738328081,20,29
11530.784415973765,717.27326249851,42,15
7136.174975302746,423.83250168862327,2,36
1283.8915989665704,4123.6264793392165,43,29
2079.96754822054,371.4657291880383,28,47
187931.93314777463,651.6890326173597,224,16
8670.175141491216,182.37789003104027,28,44
2107.611187257682,2741.7993131409294,40,42
1769.7141062132976,213.19171891252066,12,45
2554.8325823725254,7266.698200576801,24,34
235.9799471259485,679.9587878662999,22,24
14924.491005787364,2060.607089043687,23,47
742.4107694609678,2518.3184495091054,41,48
3267.451746094848,1036.789424340824,32,22
31259.345410043912,148.09646841698896,13,44
7737.440837671224,577.740341266509,30,41
776.2157442055815,3694.3298229968445,36,38
6930.355504014442,598.0485686111133,12,23
20779.997211643775,3936.999610129626,35,12
3080.642145555356,408.7081123515849,29,9
706.3997288427433,303.47443005168174,44,44
960.6197006978579,857.6010936106184,4,27
2706.1267259501915,200.6437192267495,32,40
6498.071424563002,603.1078205598591,29,27
78842.09759505701,242.66123820888586,32,31
952.4207554682756,4622.130849445541,18,35
25347.44984965262,198.4762150580824,96,37
4893.728379043236,7348.210459102538,15,8
5795.823060983457,2271.693240588202,15,34
1372.608007801197,202.09793621936836,8,44
222.7530438844832,741.9875149161584,23,31
2791.7966914159997,1622.79891330518,22,24
2999.2267580854273,1845.4926190575732,39,19
3881.8291281554893,9543.597310270141,13,12
4468.17135053257,3656.7848768881827,31,21
2906.0138829252355,260.8687401926707,31,7
1771.6387493803063,2319.3708762718675,42,12
25624.641347854293,555.1550936076592,30,44
1825.439350636315,318.6461086224828,14,23
1867.3756459044207,1008.446036672168,16,22
42.428260716240324,1347.5140883320908,46,22
575.4874484312859,263.4978722862251,48,26
18500.60124182082,399.0851725076021,20,30
255.05365836423042,2469.5860720354985,17,9
52370.9466354167,1161.7417563809308,36,26
1474.9683120999082,676.9140564754869,10,31
580.7372976058879,412.158268082587,40,6
6085.177149913216,1150.5587650600175,16,6
153.5909155299767,1600.4494589706658,1,33
2711.8745920721576,1814.690072259134,16,43
353.6300733533756,1857.1909085056614,48,22
2301.1242589739027,7981.750925497529,44,1
4787.749944886095,109.12266384625157,12,10
14865.182674689704,981.4809254668324,31,33
285781.27502046357,3768.6961632712478,256,25
606.7951907593758,260.90417300252244,42,25
1522.6910625599253,34303.04218204979,37,5
6397.384240375544,1878.6466734470098,16,6
23252.991924788716,715.2246349564422,18,46
305.9197483014692,236.40939906605888,38,49
5040.953861148953,2931.913663387748,22,12
18748.31526250094,6502.183013594144,10,11
67.95362026127859,4138.284853737042,46,20
3881.0216008785333,1010.305266708926,17,2
1248.7710032445716,4107.660674108521,22,22
11129.992491247554,5383.635639460932,42,30
3683.3772507857966,2628.010159719876,45,49
705.2526603964121,99.47934313755134,42,28
398.80695206785725,3344.1472602047393,31,42
1591.685280971232,1022.0093634049259,47,3
4758.831515393285,720.437290880518,5,39
2862.364533797407,3757.2687687895195,21,37
260483.79274239353,777.6775776736011,72,21
4414.437836505733,1878.1596293682376,8,24
338.76425988603216,525.7348097638114,4,43
83.40625075371256,418.9871827747842,46,13
121.82072303696752,1140.2573309948884,21,1
1735.1061036635876,2138.0699625356083,48,26
386.8916416649835,927.4491120713045,13,47
409.90529768001096,1293.704573670881,17,9
7062.995325573499,640.1631708802814,10,42
1822.6429314549177,719.0717765033602,37,46
60719.54546661227,7292.182152325357,5,17
4359.211631197628,297.42900550307513,47,39
3689.1610970383476,935.2682845138531,45,28
7960.692780837091,1230.3439310731385,20,49
35374.32552180198,977.6869187145884,8,15
4442.208145228493,6274.323164184302,46,49
8129.477123696924,1032.998054644905,10,21
2754.4710674778466,1167.9399135527685,12,24
4551.508980953465,511.03578451496503,19,26
14610.213000161742,6159.1671316013335,30,34
49408.96845325855,1303.5495716309235,128,19
451.8602419446558,230.68741492302402,20,38
258.5544520439825,93.65459480320116,7,29
234.88092031252356,2036.349248867582,1,32
41045.61501936627,219.8604722744107,2,27
856.0290027040868,4130.894458353247,21,36
3515.0337664803637,704.785865567721,22,19
7739.760858505452,1179.8862267981876,26,34
1388.6495878502544,5719.082575167783,33,7
14951.190533227076,208.10280533219887,41,22
24361.993596158198,27648.2584486927,9,35
4933.189751229823,4842.444434747571,9,4
19156.034870555293,1320.151482413969,45,7
4682.016691583335,678.290192496093,25,2
6448.882040261482,629.6584343951711,1,32
1069.4520356286362,6975.433907932491,40,36
1769.0012050629246,3009.8711001794786,34,33
1220.9748924510643,837.7924952689963,19,9
208.78753108678953,516.5061700370951,19,16
105.11487441138095,3253.4165116291224,3,27
892.8949413247014,382.91643815281725,37,21
580.8228532760412,1100.589565900088,46,36
2256.6509021659713,168.84415727947214,14,3
1004.2423386791007,330.96278944077534,10,25
1457.5906990728681,858.7480968223717,11,19
6157.674662039433,572.498540258544,5,7
2495.893368453268,2490.495202126034,18,7
5526.549927100222,1689.2383576728953,7,45
23318.20314381142,259.11962136211605,1,48
18010.510446607364,1586.8687259812825,44,11
4486.386804467267,287.17565440491046,37,32
420.12984063037413,3001.310626480344,31,31
6430.539419726787,403.30459461029693,24,48
38056.03583259308,195.19685463950736,23,25
619.3811677191069,557.1650349063036,20,47
545.4671238847292,6455.736654031027,12,36
926.1434448106241,502.3095343282464,11,21
1660.9567456563964,454.89365566618,47,23
9943.392034795923,5893.077444613908,28,19
822.050710958968,504.5235944435878,11,49
1536.5931577284866,2278.03244368342,31,43
3065.1070956759,2737.314193909236,17,12
13173.434778014876,1518.8790774903518,10,3
519.9162527753773,5669.333967948115,46,25
628.4120057908531,1271.4661930811405,44,15
18006.020038859107,1664.3199599920595,44,37
8817.504700837972,1035.5646973429878,15,6
2303.461052816322,189.48569513461436,23,36
157.78567257797525,1443.1742569600194,22,46
268.8931926366955,1534.0403526613293,37,18
17919.378632927757,940.4125799204782,40,49
2372.917059301076,936.1059924472444,30,19
73937.36876654666,327.6018620835803,42,32
6068.691936763057,2278.8960783500365,9,3
85.98997063866841,674.5711911106649,23,36
3820.0545729875043,1984.1070001179662,39,4
415.8292170169616,2724.4826366630255,40,3
11891.826740959228,2689.0688855538165,2,33
92634.22035996676,1652.9035116774533,22,46
11803.260747300934,1188.9825888051814,11,3
4071.676018184537,1617.1326647755373,46,11
4156.24179274875,245.05698806739576,7,17
1877.6421851486066,2643.5101243761173,15,29
15848.105060227725,89.75716528944382,20,17
4592.774885811585,1015.8055355971738,5,1
1847.1657037414375,3189.8540967830136,35,40
818.2798550278676,2943.091325287972,45,5
6904.635331042943,410.87602713834383,18,21
3051.2457421755958,2053.3320515027644,27,1
14282.062174609633,914.3622618013508,42,17
5229.214226699701,189.9201728952479,1,48
31250.609212068055,2126.0796763253543,5,41
16973.113777782262,1163.028250886619,1,7
1057.002639357652,429.3151046959926,13,39
13767.705324740804,2331.7803736257642,41,20
24385.511817213555,493.3961075923639,1,20
30805.87954406425,1161.1239634204314,16,9
8994.242388107443,255.61239836473985,16,2
45351.12175421477,1833.4966767176634,42,45
4078.0087692298025,1718.5239011101974,29,30
3576.3756475012615,782.7287950327258,12,42
2286.936580094297,2102.6874672624067,41,29
11308.737587671267,2280.8640727710695,216,15
1939.616580504179,496.7965177185851,21,21
1587.6977575081773,400.446304158712,43,39
6471.626131192309,3496.6276880170267,27,43
4254.102092554876,982.7990671867988,1,46
1020.3294857791137,1819.4208507907583,17,39
3257.5087608193257,1750.6360588751554,41,41
950.420250477432,3758.640520035553,3,32
244.47967060495566,3571.156342485861,29,27
440.0839692694409,2365.1648037018435,37,5
3528.7536304791943,250.80290656784283,32,41
638.2065174278521,319.00863270715047,40,10
495.76645946595085,233.8985198070026,17,27
835.1766723586218,701.7735659442537,24,35
661.9473764940855,12517.869174044847,14,10
373999.2596464775,837.8739905067474,44,1
27797.407922121023,651.5952015651089,42,38
1805.1836631001486,4278.825585755401,40,38
2375.520366534051,8026.12835425769,32,3
3769.279767488877,8227.716640263236,13,32
7580.661572467392,906.9368640086991,7,19
174.21781486057907,286.8596690610649,25,37
31198.113560847887,180.75146224052332,25,33
2893.5707439134603,965.7926528944307,6,1
33.58678566567942,2408.7927399843975,43,17
1945.7599994897555,139.17653451254645,9,22
2461.320645975321,875.198897351873,15,19
4096.24267515913,1838.268905044562,13,49
2553.097375353701,4305.456756744878,18,39
765.3173133213759,8091.60681841798,26,14
1697.5178119284,16986.381595474366,46,7
705.5630363773938,468.96659965966927,7,29
930.4008698625032,518.0395986463623,18,45
1316.6688211434573,1937.4754651621722,13,48
1278.1061854561601,2632.1254023910606,5,3
95247.37847699145,438.81898277173195,26,45
7898.223025888325,3732.0158895868944,40,23
160614.7920228755,1081.286017804761,8,21
1836.4151948742244,580.1053547983607,31,35
1274.7062196781644,336.7013821489372,43,27
9167.27394552744,2394.3251291025695,31,35
8439.862646492054,1151.605354628694,42,20
6743.5237452447645,13760.97516797368,23,24
1057.807770335016,1012.0282849012763,18,35
8853.0825370799,2404.6190703897246,37,41
1490.9704931526633,2214.6798964345203,34,49
1054.194111499513,173.4044584559306,48,9
1263.2992555453623,564.402972018905,47,27
714.0035857536802,3346.4475510878992,5,33
2762.5767623796514,133.56360076394623,28,35
33427.53120425967,813.4160522236575,14,13
24462.35923431298,8478.543978933347,4,42
88591.64106698791,925.922743597487,392,29
1522.976715048625,198.87918561501164,24,30
27041.115403510412,903.6912790829489,43,49
6900.38969399585,157.28390199381167,35,31
35.62698637627029,451.2150768620979,38,4
1819.5624405861022,4464.72628038162,32,6
356.3672459454249,1304.8589022446356,12,37
1230.2098351587442,541.7448483663538,44,39
266.5495660929172,258.1463909910629,46,28
1435.9767684661163,13367.72316403939,1,47
4764.456208658842,123.152171066801,9,31
4197.7548299537,7803.400366877237,27,41
3919.717469402101,2362.2495112332545,33,30
2965.8780830099126,2555.747742066263,12,8
476.24176045678314,1011.8003560669604,17,47
3325.4772561680215,5584.356871060448,31,40
23146.37032191133,3886.70470709991,9,1
3439.790609085781,422.26624044120837,33,39
256.9380152694392,3154.678878281496,11,9
881.6771814559593,7706.947226157782,9,34
19239.564339321303,691.4963715701775,33,43
17452.102308085516,2664.888703305404,47,42
59977.83987691261,15486.533979494108,31,7
620.6608793739795,435.35098495968936,24,30
600.9903608479375,866.0481017503502,30,17
485.9934775796582,127.21469006792141,40,14
18624.17184638648,445.14740759103563,26,17
1426.9867958113648,330.7745527395286,45,15
2730.3486628690307,4800.382828260133,32,26
2711.9401560760416,513.6692607189942,40,7
3036.9345604656028,736.9060966094188,29,12
1242.1487118944494,432.05448359074063,29,44
9942.099764028915,667.8206008248259,1,24
716.7044746750943,264.8867381076331,44,7
170.10546347955776,2026.3439094267965,1,26
330.74296491720884,2992.6198636168842,35,41
6297.011768825963,1182.4533506499963,1,5
25044.07652101646,6673.137749434268,12,45
300.1004454709389,675.5119251540806,38,33
109033.21755063155,2675.8037180392275,320,26
1238.6560499618722,6266.266947255305,15,13
745.6577408075781,216.12461626247836,20,33
1170.4419971287482,1566.2307180112516,25,11
588.7618506236498,121.37064221737252,23,47
682.7909925501218,832.0962915894551,48,47
98484.8429798684,749.2260007630788,6,27
6188.352155776986,1046.0417271917236,26,35
1132.653320946077,3753.6098047949495,11,33
2708.641549136563,1190.668834203951,30,34
117.56601317059635,574.620072319933,36,9
429.7902923814853,3824.4757521467313,8,14
858.1970667575799,1887.257351367335,48,20
5467.181566687079,265.06497308609374,19,46
3507.26474432081,940.3253634627945,43,38
1902.0070014809426,529.364563610474,25,1
3503.9949397430723,3220.0680535238557,17,42
1059.5574152730858,1785.796290342586,13,25
4269.560135863806,556.0634102291889,44,23
284561.5258661325,738.1469526493984,320,33
455.5211083634054,188.7663627559166,43,33
3112.339030628637,6000.883158781847,39,11
5954.836879274224,1813.6085507917198,23,6
52937.70627256679,433.3527316654675,9,48
9249.164479747506,524.5057473755394,32,22
2041.157601228876,1434.7427508135129,13,47
4137.489244121435,6784.869029773924,42,37
12557.09207562647,1697.7898311507272,12,14
3368.6540162622164,2702.7776825366273,27,24
2648.641461452716,2821.27709315992,39,38
5339.820259843879,10204.369872705414,23,3
13553.526211400667,188.10514803049173,27,27
1102.9833824761558,879.682834413006,25,44
2954.8941452064946,744.804466253628,5,35
2153.6510120110834,2095.531972991484,32,6
27750.818962428195,763.2922604319609,27,28
354.62886806610237,6081.585811357322,29,34
351.57387679089993,2024.8931455939542,28,45
19920.15470344476,1673.7089321280096,18,8
4602.043270983419,7113.260159757137,41,5
8954.218306993194,1401.1626954863991,31,5
26440.768157796403,90.35058097424248,9,37
2168.7437221919818,1059.0017871846624,23,19
4549.435135154992,2908.5398378318732,21,35
4271.797854065232,1291.2356565614282,6,13
5415.341716126636,2824.388238718594,12,22
6693.892832470517,132.4781223805228,11,26
26391.211894405275,440.25540294550746,23,21
1103.094895907824,275.03154176169755,2,31
28836.187266457484,124.44441093706352,96,39
9648.78927259483,940.2626742986968,3,43
86096.52789384733,2122.76577251119,224,27
14417.312940955659,494.2880644251567,3,1
8448.459334115942,4623.7640700811,10,31
5244.037449777112,713.295057896263,46,4
1102.286330755537,522.5920170873542,4,1
856.0693680514314,3990.4860940026447,18,43
77.26781655218628,1741.5793501823193,3,46
5281.285910775954,3823.1617044704885,8,38
4882.224503051723,596.7715379449538,26,15
689.7874785036436,3264.5353730143747,35,28
5891.237583498413,837.3672760063123,40,27
1239.9849138652405,1732.18570576279,25,21
244293.8243438818,9582.024100961999,120,2
21710.74406691709,271.75686818684534,49,9
956.5537204463651,715.5822214925512,10,33
1787.3753174111623,2456.8522544793573,10,35
5299.942918079707,2098.149509376349,42,40
1326.4149082554707,292.8073119249401,23,4
3868.7687600980603,2098.347860763073,2,36
3347.929551877223,193.294557527948,40,1
992.297440950789,263.70705323114566,24,16
55428.67456610887,638.611301673782,33,6
642.5587409837061,2653.936850931994,6,25
7407.810384924377,510.83820740994565,232,37
7722.437547214318,257.0421847553484,15,42
3949.636513867886,144.0973820455217,8,40
1066.0555262844284,221.54922700502635,21,38
20132.15634259241,1974.631494103674,5,47
14549.323864807704,813.5486623167344,39,5
107812.56094030075,229.41829869901403,26,27
130.57633107208926,1359.1198100885265,1,35
762.211924293456,49.96591588537205,1,27
9608.289773427658,2529.1828640896024,13,4
7242.440357313869,332.6402525287425,48,11
1066.1531747310078,596.2813007795904,9,11
922.2495898032521,7249.07110343815,8,25
857.9789364217334,6496.669428021055,49,31
20429.569965254832,1060.7891565367868,47,32
547.9808917067749,2323.275638287901,47,31
10129.289140451516,1415.8900341154558,33,39
471.94328196395946,858.9857850773269,17,27
101699.99266520936,1334.090102477859,38,48
390.18281891969326,5781.9206953161765,4,27
525.1835679413493,2087.0558963178682,14,34
6360.149316791686,1688.699538117992,7,27
4790.61187715994,4495.892381914853,14,37
2333.6662828095705,3202.45340448249,3,13
100.13816489284109,15434.042848915737,20,38
6449.320986256043,10918.278573199541,8,23
4835.717766013694,499.4285467817593,40,23
8058.543746971373,644.1309227030898,16,33
22257.62462834559,578.2279766072542,6,29
1313.4074526456664,557.0011035662975,24,32
9828.12715114064,307.5735016736577,27,14
208902.22783973967,8982.540510730481,16,1
8377.091697820402,7288.3502985246,27,7
1250.4729394809572,405.7315911648004,1,32
3216.9582694309756,955.790191175252,48,10
2094.7201654488,197.94113605016977,38,6
11280.385462103737,634.8844373927692,37,4
671.9613300895998,15257.75740680721,12,45
15577.824602792378,2118.013034366036,33,4
12594.06592316053,830.4319041053758,352,41
1828.7314198391816,2528.978298132644,30,43
2869.7695867232555,479.31759404600353,44,41
2494.0801327159274,755.1754184820769,27,8
9120.683453187032,1585.0545387277743,31,42
176.55668212230958,297.7870636886607,37,21
15061.849682278476,718.9941404089988,24,34
3853.724907495069,9207.610244883117,49,2
26.277755677850177,545.1962451654647,48,21
9051.9032802155,6374.303304931911,8,45
441.8819766479181,213.88311268705746,31,47
1623.9896650326996,4371.60445407873,13,44
1421.5511707691035,849.7595838950912,24,45
712.8793480950609,1505.3613842642055,49,36
2143.2929011142373,790.257352490271,32,1
1861.8054658941996,1633.9263665956948,31,27
28927.07799884023,535.119687817613,13,18
15248.747416039772,7229.735024952536,15,17
1008.8681244346268,189.47791336178074,40,38
6588.854495433574,1069.8559248565907,27,34
2755.2148350779044,632.0233408419342,22,36
8054.4738945336,159.61067839221008,19,34
3149.3282432193105,205.59631192626912,14,35
1614.4864343466033,162.5224722224319,11,48
1489.9090149803274,3263.242912504266,8,26
23670.108725334765,3553.613779163302,16,20
9233.45763662275,1354.7773270416703,35,39
23611.68339891774,1894.5475204148636,32,8
12733.558833871759,654.1119760761405,18,30
32133.167468282852,742.5068382134048,5,47
18773.596176394945,117.66840333038101,26,22
40296.45414691814,797.3186253665564,15,44
2171.3955707918776,603.5454930631967,21,4
42703.586220092206,2257.7780896271306,44,7
455.2329721848183,177.73481658325036,7,14
1096.5190918368357,1081.8720535536966,29,13
249.35795073127622,226.72278618856515,45,39
1030.354501492889,15739.150386572705,33,3
3240.0783998115076,485.5749866059636,44,40
8180.273459400932,1084.6002527258731,5,8
419.2696456784158,157.86478631821282,42,4
2899.5252091779894,330.7972852985056,13,20
6344.420228266177,600.5992627312546,31,19
8981.940188219138,1920.8621378167688,42,33
1473984.2917181905,584.9669115070825,96,24
285.63243692706067,4870.713318392089,22,28
48815.70739634268,2040.2099923286075,23,9
736.8075505870283,744.4931893943201,36,20
147.0651487704026,6434.956333134792,11,47
273.08341168217635,191.86838846588813,35,15
13661.213976726376,268.9889755564376,11,7
12258.474873318753,415.61297368375665,32,42
1143.1465882011144,929.8111332503003,17,23
42183.50560797214,6604.289746685353,24,37
456.2098564561695,270.88438088742885,12,19
5455.776942274683,235.0009083083041,48,30
832.7074819728823,269.59982895919546,17,17
4506.843969910798,3238.204970115391,13,21
5025.808369168131,2001.631349330514,24,43
1381.4853984914366,3972.1109903243655,8,28
6779.668923264241,385.26877248076175,49,33
1241.073697618491,286.6419297208869,31,34
141.00741599047683,496.68432018638595,16,47
224.50236492388518,866.4831282411549,14,36
11970.093881354112,314.0992846544947,48,4
810.6899103634811,540.9739886989616,24,31
101.76202973405559,939.6677690270019,46,41
28248.942708079,1339.9599271512266,19,22
2269.3928229813628,788.1722414119374,46,34
28903.62677688209,785.0427672743317,2,41
3584.5985813632947,2806.9849789853806,25,34
473.01478999120184,854.6169991149086,27,29
3138.1772717523945,244.706266525167,33,28
10609.746926849095,1654.2304944834846,16,48
5147.603888810749,2155.5115159775496,26,24
3773.7359135443953,1856.1842294548946,33,6
8234.037311766702,797.2354209654666,22,26
807.2286800029071,613.1460364621701,22,13
3758.686002848715,2042.8561696841273,41,15
3321.107242017568,10642.075150178898,6,29
7486.932162738586,1424.1705624380168,32,44
202.50755607167878,551.3771315834794,27,40
4448.459032335165,1421.0704947583133,24,23
1879.5907219061603,525.0207721160799,43,6
446.7440323816109,855.147433213502,14,30
990.8372908077308,605.6149820799636,41,15
743.2202966582867,5850.603263356551,32,27
4855.866108197009,47.470380040383596,36,9
149.20947893655972,1337.249185070884,28,38
756.9082279811728,102.90361942582658,18,4
5431.442575032138,15813.163571848685,17,36
16295.20858024576,1400.787072517923,10,18
1010.6203573728121,1649.1127829963925,31,13
1455.2746142011847,1196.6947039695417,22,46
3574.680283840915,463.5239895222292,30,18
2975.916638516789,1225.8010914627603,29,37
17562.174592411895,3677.3254058394664,12,43
7203.178124702847,7323.865590150308,36,43
6450.389159750691,908.3710312373513,44,12
11499.48466649332,2383.8876067937204,47,37
25524.162040821775,204.27968512669784,8,29
1319.9757386049523,697.5931242840288,39,10
1184.6292749536287,1624.364797315234,2,18
5207.549932151181,603.9280098661367,38,19
23112.377203085078,297.49570838122224,48,24
5692.211894095612,1652.604048775168,35,38
6686.031537895675,4882.7434415637,33,40
206.42076864218228,739.6032077228841,17,30
7035.859340716195,731.8158308152744,9,10
357.64927265812594,2344.207225097376,11,18
24678.63335317094,1315.0582974277154,43,42
6154.061772004092,1860.6545033649143,38,33
76376.47816486745,440.6474025771115,312,18
4348.6117089042455,2389.9776981603427,20,11
267.46892308515106,3504.3804919842464,25,12
1051.0470524519426,1789.7197449634457,17,43
3173.9563049158082,783.6328546323952,49,46
1449.4070120580675,405.15143512423236,40,33
17952.151170027802,470.79420210358006,32,4
28672.27520702809,1650.2287431738832,8,25
1751.5150875207112,1167.6955192542766,4,37
1537.852314763443,2385.5733335283658,2,34
9225.64993323557,339.4827492211093,18,19
13662.070922927009,1540.9588031984954,192,8
49494.96541168422,292.73886369976276,24,21
199.73129222365478,303.23199745317476,10,1
14579.082605928901,266.3840368959743,14,10
598.623624927749,1405.2905939018492,33,11
22925.783410085016,868.6500634758725,24,4
1587.751398095581,1190.9925881029353,16,30
27043.666697240544,2621.7164835709755,48,40
1817.2254559632715,1936.3719553030257,27,33
7871.842451182748,233.00178636317335,24,12
1697.4769799706694,402.97027588235846,10,9
10717.917424780995,480.3318999840759,31,8
1063.1700539758483,1185.8996235302448,8,41
54.961142121285846,3184.2658324557765,12,13
1577.636593069783,136.4137044897945,19,33
6792.205555196679,660.1925315614359,42,20
3309.6457023600983,385.97095085298133,12,28
1059.6343785718627,3307.0139787898556,17,41
1061.871921884476,582.326218425299,23,5
1190.980912354221,1888.7959320145242,17,3
1255.2625489471745,939.9732166088663,19,42
1860.77980289736,2618.780023127872,1,48
5343.6015738938795,2899.1267059109086,29,4
18397.66544152047,7969.31647489143,49,26
5058.943882308296,1143.14095459743,32,42
1398.1986594371613,176.035082994961,10,42
357.2725998312999,8367.415199327754,32,48
7413.758800639689,3113.4537251151655,26,8
591.4465226737602,276.84426926952807,22,46
1149.9215932000477,54.8533988917582,25,24
4203.941900849939,1854.7019625847652,42,48
4742.43160010891,1588.6295027626893,33,12
1359.455195077899,6392.68343455844,11,36
1165.6394046421171,1651.820025681196,16,38
3333.93927307826,684.6321597130425,33,35
3444.1399254434073,331.3656776889612,43,29
3512.661687571641,340.46509246391463,12,8
1928.402318550089,1490.4049631969467,16,23
560.2993839467998,883.8499197455312,20,46
4194.448881446403,826.2296643711339,48,25
1896.0177227549727,342.7379186088426,2,39
1586.464671422734,3271.8849391447616,2,46
29695.638866466823,1275.1165088671435,1,23
1015.5387545330484,8444.756321967898,5,10
2755.048022628465,62.63167087820851,15,32
842.4745059577807,289.53341420379877,8,40
4197.738352638524,1951.8578543924998,30,48
3443.927565351943,2432.6115404756865,2,10
1038.5658664921016,6119.972300753869,30,32
3382.5792548760487,1880.2918926912507,29,46
5740.636975508817,456.08297179859323,41,49
414.0848848082686,44.683941827235294,17,44
3012.8708119168646,15693.453613236043,34,9
4779.413685299186,268.28167276551085,39,45
3816.1694238041987,1194.8709078275353,49,11
68878.74983371745,8161.852263143424,2,25
3450.8502356692406,7073.0758464166365,19,45
65657.56241716718,366.2726032033489,29,28
925.4421921086278,2799.7154386466805,21,21
9870.196535687528,350.26244598742034,7,37
5975.173720379132,288.6456171438356,1,24
839.7837212016086,1700.0460940175562,20,23
2999.211830296351,2160.1779190679154,15,48
1049.5567880153371,798.6696205638247,35,14
3405.7551004306347,4362.9147709099225,47,40
1344.901658372358,11133.832008066765,11,13
2539.7908566595484,1377.3191349101849,3,31
160465.43275684142,125.81451001911934,184,10
770.2973038230472,4369.383749878309,43,33
3237.947090078232,1970.3086654161552,34,1
1989.2500005381864,935.7277293892408,8,6
1570.7718007404326,1133.1683823850765,3,22
835.7349299527422,146.3520469318424,49,22
1263.829465798529,1978.7835598967702,39,15
1359.2759690688824,3639.214267021644,9,3
931.7751028748191,1848.0467897223327,33,46
3194.235053808032,3315.439920414329,43,17
4084.599108572938,541.0138005360749,16,16
13317.189092975648,899.9947645306502,21,24
896.4994471760616,2321.8171991908343,6,42
10683.841954373405,125.56297917449892,35,23
367.0283902739731,718.0459735910568,31,37
8179.084792671378,3090.2319567367713,34,1
7859.63987510296,2280.8307220239044,44,29
18862.444379810928,1090.6463662353785,9,21
426.67782538802555,1238.07902897759,11,43
5292.0933452330355,1058.069357993212,41,17
150105.53643337486,11596.926812563366,16,29
29822.31340886147,1372.658842596727,23,7
2514.574028537863,2191.8432687946247,15,28
1042.3122386737218,2498.1402846982974,15,35
2158.02769518033,3055.826336577183,13,38
444.79588258885326,4640.074734674885,19,38
